{
	"settings": {
		"color": {
			"palette": [
				{
					"color": "#0b303b",
					"name": "Primary",
					"slug": "primary"
				},
				{
					"color": "#0b303b",
					"name": "Secondary",
					"slug": "secondary"
				},
				{
					"color": "#0b303b",
					"name": "Foreground",
					"slug": "foreground"
				},
				{
					"color": "#f0f9ff",
					"name": "Background",
					"slug": "background"
				},
				{
					"color": "#F0F0F0",
					"name": "Tertiary",
					"slug": "tertiary"
				},
				{
					"color": "#ff9c61",
					"name": "Orange",
					"slug": "custom-orange"
				},
				{
					"color": "#fff4ed",
					"name": "Green",
					"slug": "custom-green"
				},
				{
					"color": "#1436ca",
					"name": "Purple",
					"slug": "custom-purple"
				}
			]
		}
	},
	"styles": {
		"blocks": {
			"core/button": {
				"spacing": {
					"padding": {
						"bottom": "18px",
						"left": "30px",
						"right": "30px",
						"top": "18px"
					}
				},
				"typography": {
					"fontFamily": "var:preset|font-family|sora",
					"fontSize": "0.9rem",
					"fontStyle": "normal",
					"fontWeight": "300",
					"letterSpacing": "0.1em",
					"textTransform": "uppercase"
				}
			},
			"core/heading": {
				"typography": {
					"fontStyle": "normal",
					"fontWeight": "300"
				}
			},
			"core/navigation": {
				"typography": {
					"fontSize": "var:preset|font-size|small"
				}
			},
			"core/post-content": {
				"typography": {
					"fontSize": "1.5rem"
				}
			},
			"core/post-date": {
				"typography": {
					"fontSize": "var:preset|font-size|small"
				}
			},
			"core/post-terms": {
				"typography": {
					"fontSize": "var:preset|font-size|small"
				}
			},
			"core/post-time-to-read": {
				"typography": {
					"fontSize": "var:preset|font-size|small"
				}
			},
			"core/site-title": {
				"typography": {
					"fontStyle": "normal",
					"fontWeight": "300",
					"textTransform": "none"
				}
			}
		},
		"color": {
			"gradient": "linear-gradient(135deg,rgb(164,183,251) 0%,rgb(212,240,255) 47%,rgb(111,147,237) 96%)"
		},
		"elements": {
			"heading": {
				"typography": {
					"fontFamily": "var:preset|font-family|fraunces",
					"fontStyle": "normal",
					"fontWeight": "300"
				}
			}
		},
		"typography": {
			"fontFamily": "var:preset|font-family|crimson-pro",
			"fontSize": "var:preset|font-size|medium",
			"lineHeight": "1.3"
		}
	},
	"title": "Serif Blue",
	"version": 2,
	"$schema": "https://schemas.wp.org/trunk/theme.json"
}